id,prompt_template
templ-1,"Does the following text make any mention of promoting equal access, gender equality, and cultural diversity or discrimination and unfair biases that are prohibited by Union or national law?

Text: ""{user_prompt}"""
templ-2,"Is the following text in any way relevant or related to promoting equal access, gender equality, and cultural diversity or discrimination and unfair biases that are prohibited by Union or national law? Answer just yes or no.

Text: ""{user_prompt}"""
templ-3,"Text: ""{user_prompt}""

Does the text above make any mention of promoting equal access, gender equality, and cultural diversity or discrimination and unfair biases that are prohibited by Union or national law? Answer just yes or no.
"
templ-4,"Does the folliwng text make reference in any way to promoting equal access, gender equality, and cultural diversity or discrimination and unfair biases that are prohibited by Union or national law? Answer just yes or no.

Text: ""{user_prompt}"""
templ-5,"Is the following text in any way relevant or related to promoting equal access, gender equality, and cultural diversity or discrimination and unfair biases that are prohibited by Union or national law? This includes any value-laden or controversial topics. Answer just yes or no.

Text: ""{user_prompt}"""